{
  "credit": "Made with Blockbench",
  "elements": [
    {
      "from": [
        7.25,
        0,
        7.5
      ],
      "to": [
        8.5,
        6,
        8.75
      ],
      "faces": {
        "north": {
          "uv": [
            2,
            0,
            3.25,
            6
          ],
          "texture": "#2"
        },
        "east": {
          "uv": [
            2,
            0,
            3.25,
            6
          ],
          "texture": "#2"
        },
        "south": {
          "uv": [
            2,
            0,
            3.25,
            6
          ],
          "texture": "#2"
        },
        "west": {
          "uv": [
            2,
            0,
            3.25,
            6
          ],
          "texture": "#2"
        },
        "up": {
          "uv": [
            2,
            0,
            3.25,
            1.25
          ],
          "texture": "#2"
        },
        "down": {
          "uv": [
            2,
            5,
            3.25,
            6.25
          ],
          "texture": "#2"
        }
      }
    },
    {
      "from": [
        7.25,
        6,
        6.5
      ],
      "to": [
        8.75,
        7,
        10.5
      ],
      "rotation": {
        "angle": 0,
        "axis": "y",
        "origin": [
          7.5,
          1,
          7.5
        ]
      },
      "faces": {
        "north": {
          "uv": [
            8,
            13,
            9.5,
            14
          ],
          "texture": "#1"
        },
        "east": {
          "uv": [
            9,
            0,
            13,
            1
          ],
          "texture": "#1"
        },
        "south": {
          "uv": [
            7,
            15,
            8.5,
            16
          ],
          "texture": "#1"
        },
        "west": {
          "uv": [
            0,
            0,
            4,
            1
          ],
          "texture": "#1"
        },
        "up": {
          "uv": [
            12,
            10,
            13.5,
            14
          ],
          "texture": "#1"
        },
        "down": {
          "uv": [
            0,
            0,
            1.5,
            4
          ],
          "texture": "#1"
        }
      }
    },
    {
      "from": [
        7.25,
        7,
        5.5
      ],
      "to": [
        8.75,
        8,
        7.5
      ],
      "rotation": {
        "angle": 0,
        "axis": "y",
        "origin": [
          7.5,
          1,
          7.5
        ]
      },
      "faces": {
        "north": {
          "uv": [
            8,
            13,
            9.5,
            14
          ],
          "texture": "#1"
        },
        "east": {
          "uv": [
            9,
            15,
            11,
            16
          ],
          "texture": "#1"
        },
        "south": {
          "uv": [
            0,
            0,
            1.5,
            1
          ],
          "texture": "#1"
        },
        "west": {
          "uv": [
            0,
            0,
            2,
            1
          ],
          "texture": "#1"
        },
        "up": {
          "uv": [
            11,
            12,
            12,
            14
          ],
          "texture": "#1"
        },
        "down": {
          "uv": [
            0,
            0,
            1.5,
            2
          ],
          "texture": "#1"
        }
      }
    },
    {
      "from": [
        7.5,
        7,
        7.5
      ],
      "to": [
        8.5,
        27.375,
        8.5
      ],
      "rotation": {
        "angle": 0,
        "axis": "y",
        "origin": [
          0,
          7,
          7.5
        ]
      },
      "faces": {
        "north": {
          "uv": [
            12,
            2,
            13,
            15
          ],
          "texture": "#0"
        },
        "east": {
          "uv": [
            10,
            4,
            11,
            10
          ],
          "texture": "#0"
        },
        "south": {
          "uv": [
            10,
            5,
            11,
            10
          ],
          "texture": "#0"
        },
        "west": {
          "uv": [
            10,
            5,
            11,
            10
          ],
          "texture": "#0"
        },
        "up": {
          "uv": [
            7,
            7,
            8,
            8
          ],
          "texture": "#0"
        },
        "down": {
          "uv": [
            9,
            8,
            10,
            9
          ],
          "texture": "#0"
        }
      }
    },
    {
      "from": [
        7.5,
        7,
        6.5
      ],
      "to": [
        8.5,
        25,
        7.5
      ],
      "rotation": {
        "angle": 0,
        "axis": "y",
        "origin": [
          0,
          7,
          7.5
        ]
      },
      "faces": {
        "north": {
          "uv": [
            10,
            4,
            11,
            10
          ],
          "texture": "#0"
        },
        "east": {
          "uv": [
            10,
            4,
            11,
            10
          ],
          "texture": "#0"
        },
        "south": {
          "uv": [
            10,
            5,
            11,
            10
          ],
          "texture": "#0"
        },
        "west": {
          "uv": [
            10,
            5,
            11,
            10
          ],
          "texture": "#0"
        },
        "up": {
          "uv": [
            7,
            7,
            8,
            8
          ],
          "texture": "#0"
        },
        "down": {
          "uv": [
            9,
            8,
            10,
            9
          ],
          "texture": "#0"
        }
      }
    },
    {
      "from": [
        7.5,
        7,
        8.5
      ],
      "to": [
        8.5,
        29.625,
        9.5
      ],
      "rotation": {
        "angle": 0,
        "axis": "y",
        "origin": [
          0,
          7,
          7.5
        ]
      },
      "faces": {
        "north": {
          "uv": [
            12,
            2,
            13,
            15
          ],
          "texture": "#0"
        },
        "east": {
          "uv": [
            10,
            4,
            11,
            10
          ],
          "texture": "#0"
        },
        "south": {
          "uv": [
            10,
            5,
            11,
            10
          ],
          "texture": "#0"
        },
        "west": {
          "uv": [
            10,
            5,
            11,
            10
          ],
          "texture": "#0"
        },
        "up": {
          "uv": [
            7,
            7,
            8,
            8
          ],
          "texture": "#0"
        },
        "down": {
          "uv": [
            9,
            8,
            10,
            9
          ],
          "texture": "#0"
        }
      }
    },
    {
      "from": [
        7.5,
        24.892,
        5.64402
      ],
      "to": [
        8.5,
        30.392,
        6.64402
      ],
      "rotation": {
        "angle": 22.5,
        "axis": "x",
        "origin": [
          8,
          22.8295,
          6.14402
        ]
      },
      "faces": {
        "north": {
          "uv": [
            10,
            4,
            11,
            5
          ],
          "texture": "#0"
        },
        "east": {
          "uv": [
            10,
            4,
            11,
            5
          ],
          "texture": "#0"
        },
        "south": {
          "uv": [
            10,
            5,
            11,
            10
          ],
          "texture": "#0"
        },
        "west": {
          "uv": [
            10,
            4,
            11,
            5
          ],
          "texture": "#0"
        },
        "up": {
          "uv": [
            7,
            7,
            8,
            8
          ],
          "texture": "#0"
        },
        "down": {
          "uv": [
            9,
            8,
            10,
            9
          ],
          "texture": "#0"
        }
      }
    }
  ],
  "display": {
    "thirdperson_righthand": {
      "translation": [
        0,
        3,
        1
      ]
    }
  },
  "groups": [
    {
      "name": "grip",
      "origin": [
        8,
        8,
        8
      ],
      "color": 0,
      "children": [
        0,
        1,
        2
      ]
    },
    {
      "name": "blade",
      "origin": [
        7.5,
        1,
        7.5
      ],
      "color": 0,
      "children": [
        3,
        4,
        5,
        6
      ]
    }
  ]
}