{
  "_fv": 24,
  "_type": "tool",
  "definition": {
    "renderType": 1,
    "texture": "makusedite",
    "customModelName": "makkusite_sword:default",
    "name": "Makkusite Sword",
    "specialInfo": [],
    "creativeTab": {
      "value": "COMBAT"
    },
    "toolType": "Sword",
    "harvestLevel": 1,
    "efficiency": 4.0,
    "attackSpeed": 1.9,
    "enchantability": 2,
    "damageVsEntity": 10.0,
    "usageCount": 5200,
    "blocksAffected": [],
    "hasGlow": false,
    "repairItems": [
      {
        "value": "CUSTOM:MakkusediteGem"
      }
    ],
    "immuneToFire": true,
    "stayInGridWhenCrafting": false,
    "damageOnCrafting": false
  }
}